id,starting_price_dollars
1,10
2,50
3,60
4,100
5,80
6,200
7,30
8,300
9,250
10,100
11,20
12,50
13,400
14,30
15,50
16,150
17,200
18,100
19,150
20,100
21,100
22,50
23,700
24,10
25,10
26,50
27,80
28,200
29,300
30,150
31,80
32,100
33,100
34,80
35,120
